ID;Ubicazione;Quantita
MATE001;LABORATORIO;3
MATE001;ZANARDI;0
MATE001;CINI;0
MATE001;MANDELLI;0
MATE001;SALUTE;0
MATE001;PALAZZINA MARFISA;0
MATE001;MAGAZZINO;0
MATE001;VALIER;0
MATE001;TRIESTE;0
MATE002;LABORATORIO;1
MATE002;ZANARDI;5
MATE002;CINI;5
MATE002;MANDELLI;0
MATE002;SALUTE;0
MATE002;PALAZZINA MARFISA;0
MATE002;MAGAZZINO;0
MATE002;VALIER;0
MATE002;TRIESTE;3
MATE003;LABORATORIO;2
MATE003;ZANARDI;0
MATE003;CINI;0
MATE003;MANDELLI;0
MATE003;SALUTE;0
MATE003;PALAZZINA MARFISA;0
MATE003;MAGAZZINO;0
MATE003;VALIER;0
MATE003;TRIESTE;0
MATE004;LABORATORIO;6
MATE004;ZANARDI;0,5
MATE004;CINI;0
MATE004;MANDELLI;0
MATE004;SALUTE;0
MATE004;PALAZZINA MARFISA;5
MATE004;MAGAZZINO;0
MATE004;VALIER;0
MATE004;TRIESTE;0
MATE005;LABORATORIO;9
MATE005;ZANARDI;0
MATE005;CINI;0
MATE005;MANDELLI;0
MATE005;SALUTE;0
MATE005;PALAZZINA MARFISA;0
MATE005;MAGAZZINO;0
MATE005;VALIER;0
MATE005;TRIESTE;0
MATE006;LABORATORIO;5
MATE006;ZANARDI;0
MATE006;CINI;0
MATE006;MANDELLI;0
MATE006;SALUTE;0
MATE006;PALAZZINA MARFISA;0
MATE006;MAGAZZINO;0
MATE006;VALIER;0
MATE006;TRIESTE;0
MATE007;LABORATORIO;0,4
MATE007;ZANARDI;0
MATE007;CINI;0
MATE007;MANDELLI;0
MATE007;SALUTE;0
MATE007;PALAZZINA MARFISA;0
MATE007;MAGAZZINO;0
MATE007;VALIER;0
MATE007;TRIESTE;0
MATE008;LABORATORIO;1
MATE008;ZANARDI;2
MATE008;CINI;0
MATE008;MANDELLI;0
MATE008;SALUTE;0
MATE008;PALAZZINA MARFISA;0
MATE008;MAGAZZINO;0
MATE008;VALIER;0
MATE008;TRIESTE;0
MATE009;LABORATORIO;1
MATE009;ZANARDI;0
MATE009;CINI;0
MATE009;MANDELLI;0
MATE009;SALUTE;0
MATE009;PALAZZINA MARFISA;0
MATE009;MAGAZZINO;0
MATE009;VALIER;0
MATE009;TRIESTE;0
MATE010;LABORATORIO;20
MATE010;ZANARDI;0
MATE010;CINI;2,5
MATE010;MANDELLI;0
MATE010;SALUTE;0
MATE010;PALAZZINA MARFISA;0
MATE010;MAGAZZINO;0
MATE010;VALIER;0
MATE010;TRIESTE;0
MATE011;LABORATORIO;0
MATE011;ZANARDI;5
MATE011;CINI;0
MATE011;MANDELLI;0
MATE011;SALUTE;0
MATE011;PALAZZINA MARFISA;15
MATE011;MAGAZZINO;0
MATE011;VALIER;0
MATE011;TRIESTE;0
MATE012;LABORATORIO;0
MATE012;ZANARDI;5
MATE012;CINI;0
MATE012;MANDELLI;0
MATE012;SALUTE;0
MATE012;PALAZZINA MARFISA;0
MATE012;MAGAZZINO;0
MATE012;VALIER;0
MATE012;TRIESTE;0
MATE013;LABORATORIO;1
MATE013;ZANARDI;0
MATE013;CINI;1
MATE013;MANDELLI;0
MATE013;SALUTE;0
MATE013;PALAZZINA MARFISA;1
MATE013;MAGAZZINO;0
MATE013;VALIER;0
MATE013;TRIESTE;0
MATE014;LABORATORIO;0
MATE014;ZANARDI;0
MATE014;CINI;1
MATE014;MANDELLI;0
MATE014;SALUTE;0
MATE014;PALAZZINA MARFISA;1
MATE014;MAGAZZINO;0
MATE014;VALIER;0
MATE014;TRIESTE;0
MATE015;LABORATORIO;2
MATE015;ZANARDI;0
MATE015;CINI;0
MATE015;MANDELLI;0
MATE015;SALUTE;0
MATE015;PALAZZINA MARFISA;0
MATE015;MAGAZZINO;0
MATE015;VALIER;0
MATE015;TRIESTE;0
MATE016;LABORATORIO;0
MATE016;ZANARDI;3
MATE016;CINI;0
MATE016;MANDELLI;0
MATE016;SALUTE;0
MATE016;PALAZZINA MARFISA;0
MATE016;MAGAZZINO;0
MATE016;VALIER;0
MATE016;TRIESTE;0
MATE017;LABORATORIO;6
MATE017;ZANARDI;0
MATE017;CINI;0
MATE017;MANDELLI;0
MATE017;SALUTE;0
MATE017;PALAZZINA MARFISA;0
MATE017;MAGAZZINO;0
MATE017;VALIER;0
MATE017;TRIESTE;0
MATE018;LABORATORIO;0
MATE018;ZANARDI;70
MATE018;CINI;0
MATE018;MANDELLI;25
MATE018;SALUTE;0
MATE018;PALAZZINA MARFISA;8
MATE018;MAGAZZINO;0
MATE018;VALIER;0
MATE018;TRIESTE;0
MATE019;LABORATORIO;1,5
MATE019;ZANARDI;0
MATE019;CINI;0
MATE019;MANDELLI;0
MATE019;SALUTE;0
MATE019;PALAZZINA MARFISA;0
MATE019;MAGAZZINO;0
MATE019;VALIER;0
MATE019;TRIESTE;0
MATE020;LABORATORIO;0,1
MATE020;ZANARDI;0
MATE020;CINI;0
MATE020;MANDELLI;0
MATE020;SALUTE;0
MATE020;PALAZZINA MARFISA;0
MATE020;MAGAZZINO;0
MATE020;VALIER;0
MATE020;TRIESTE;0
MATE021;LABORATORIO;7
MATE021;ZANARDI;0
MATE021;CINI;0
MATE021;MANDELLI;0
MATE021;SALUTE;0
MATE021;PALAZZINA MARFISA;0
MATE021;MAGAZZINO;0
MATE021;VALIER;0
MATE021;TRIESTE;0
MATE022;LABORATORIO;3
MATE022;ZANARDI;0
MATE022;CINI;0
MATE022;MANDELLI;0
MATE022;SALUTE;0
MATE022;PALAZZINA MARFISA;0
MATE022;MAGAZZINO;0
MATE022;VALIER;0
MATE022;TRIESTE;0
MATE023;LABORATORIO;0
MATE023;ZANARDI;0
MATE023;CINI;0,5
MATE023;MANDELLI;0
MATE023;SALUTE;0
MATE023;PALAZZINA MARFISA;0
MATE023;MAGAZZINO;0
MATE023;VALIER;0
MATE023;TRIESTE;0
MATE024;LABORATORIO;0
MATE024;ZANARDI;20
MATE024;CINI;0
MATE024;MANDELLI;3
MATE024;SALUTE;0
MATE024;PALAZZINA MARFISA;0
MATE024;MAGAZZINO;0
MATE024;VALIER;0
MATE024;TRIESTE;0
MATE025;LABORATORIO;0
MATE025;ZANARDI;7
MATE025;CINI;0
MATE025;MANDELLI;3
MATE025;SALUTE;0
MATE025;PALAZZINA MARFISA;0
MATE025;MAGAZZINO;0
MATE025;VALIER;0
MATE025;TRIESTE;0
MATE026;LABORATORIO;5
MATE026;ZANARDI;0
MATE026;CINI;0
MATE026;MANDELLI;0
MATE026;SALUTE;0
MATE026;PALAZZINA MARFISA;0
MATE026;MAGAZZINO;0
MATE026;VALIER;0
MATE026;TRIESTE;0
MATE027;LABORATORIO;0
MATE027;ZANARDI;5
MATE027;CINI;0
MATE027;MANDELLI;0
MATE027;SALUTE;0
MATE027;PALAZZINA MARFISA;0
MATE027;MAGAZZINO;0
MATE027;VALIER;0
MATE027;TRIESTE;0
MATE028;LABORATORIO;10
MATE028;ZANARDI;0
MATE028;CINI;0
MATE028;MANDELLI;0
MATE028;SALUTE;0
MATE028;PALAZZINA MARFISA;0
MATE028;MAGAZZINO;0
MATE028;VALIER;0
MATE028;TRIESTE;0
MATE029;LABORATORIO;0
MATE029;ZANARDI;2
MATE029;CINI;0
MATE029;MANDELLI;0
MATE029;SALUTE;0
MATE029;PALAZZINA MARFISA;0
MATE029;MAGAZZINO;0
MATE029;VALIER;0
MATE029;TRIESTE;0
MATE030;LABORATORIO;4
MATE030;ZANARDI;0
MATE030;CINI;5
MATE030;MANDELLI;0
MATE030;SALUTE;0
MATE030;PALAZZINA MARFISA;0
MATE030;MAGAZZINO;0
MATE030;VALIER;0
MATE030;TRIESTE;1
MATE031;LABORATORIO;7
MATE031;ZANARDI;0
MATE031;CINI;0
MATE031;MANDELLI;0
MATE031;SALUTE;0
MATE031;PALAZZINA MARFISA;0
MATE031;MAGAZZINO;0
MATE031;VALIER;0
MATE031;TRIESTE;0
MATE032;LABORATORIO;1
MATE032;ZANARDI;0
MATE032;CINI;0
MATE032;MANDELLI;0
MATE032;SALUTE;0
MATE032;PALAZZINA MARFISA;0
MATE032;MAGAZZINO;0
MATE032;VALIER;0
MATE032;TRIESTE;0
MATE033;LABORATORIO;1
MATE033;ZANARDI;0
MATE033;CINI;0
MATE033;MANDELLI;0
MATE033;SALUTE;0
MATE033;PALAZZINA MARFISA;0
MATE033;MAGAZZINO;0
MATE033;VALIER;0
MATE033;TRIESTE;0
MATE034;LABORATORIO;0
MATE034;ZANARDI;0,2
MATE034;CINI;0
MATE034;MANDELLI;0
MATE034;SALUTE;0
MATE034;PALAZZINA MARFISA;0
MATE034;MAGAZZINO;0
MATE034;VALIER;0
MATE034;TRIESTE;0
MATE035;LABORATORIO;0
MATE035;ZANARDI;0
MATE035;CINI;0,75
MATE035;MANDELLI;0
MATE035;SALUTE;0
MATE035;PALAZZINA MARFISA;0
MATE035;MAGAZZINO;0
MATE035;VALIER;0
MATE035;TRIESTE;0
MATE036;LABORATORIO;8
MATE036;ZANARDI;0,75
MATE036;CINI;0
MATE036;MANDELLI;0
MATE036;SALUTE;0
MATE036;PALAZZINA MARFISA;0
MATE036;MAGAZZINO;0
MATE036;VALIER;0
MATE036;TRIESTE;0
MATE037;LABORATORIO;5
MATE037;ZANARDI;0
MATE037;CINI;0
MATE037;MANDELLI;0
MATE037;SALUTE;0
MATE037;PALAZZINA MARFISA;1
MATE037;MAGAZZINO;0
MATE037;VALIER;0
MATE037;TRIESTE;0,5
MATE038;LABORATORIO;8
MATE038;ZANARDI;0
MATE038;CINI;5
MATE038;MANDELLI;0
MATE038;SALUTE;0
MATE038;PALAZZINA MARFISA;0
MATE038;MAGAZZINO;0
MATE038;VALIER;0
MATE038;TRIESTE;0
MATE039;LABORATORIO;25
MATE039;ZANARDI;0
MATE039;CINI;0
MATE039;MANDELLI;0
MATE039;SALUTE;0
MATE039;PALAZZINA MARFISA;0
MATE039;MAGAZZINO;0
MATE039;VALIER;0
MATE039;TRIESTE;0
MATE040;LABORATORIO;0
MATE040;ZANARDI;25
MATE040;CINI;0
MATE040;MANDELLI;0
MATE040;SALUTE;0
MATE040;PALAZZINA MARFISA;1
MATE040;MAGAZZINO;0
MATE040;VALIER;0
MATE040;TRIESTE;0
MATE041;LABORATORIO;3
MATE041;ZANARDI;2
MATE041;CINI;0
MATE041;MANDELLI;0
MATE041;SALUTE;0
MATE041;PALAZZINA MARFISA;0
MATE041;MAGAZZINO;0
MATE041;VALIER;0
MATE041;TRIESTE;1
MATE042;LABORATORIO;0
MATE042;ZANARDI;0
MATE042;CINI;0
MATE042;MANDELLI;0
MATE042;SALUTE;0
MATE042;PALAZZINA MARFISA;1
MATE042;MAGAZZINO;0
MATE042;VALIER;0
MATE042;TRIESTE;0
MATE043;LABORATORIO;0
MATE043;ZANARDI;0
MATE043;CINI;0
MATE043;MANDELLI;0
MATE043;SALUTE;0
MATE043;PALAZZINA MARFISA;0
MATE043;MAGAZZINO;0
MATE043;VALIER;0
MATE043;TRIESTE;0
MATE044;LABORATORIO;0
MATE044;ZANARDI;1,5
MATE044;CINI;0
MATE044;MANDELLI;0
MATE044;SALUTE;0
MATE044;PALAZZINA MARFISA;0,5
MATE044;MAGAZZINO;0
MATE044;VALIER;0
MATE044;TRIESTE;0
MATE045;LABORATORIO;0
MATE045;ZANARDI;50
MATE045;CINI;1
MATE045;MANDELLI;20
MATE045;SALUTE;0
MATE045;PALAZZINA MARFISA;0
MATE045;MAGAZZINO;0
MATE045;VALIER;0
MATE045;TRIESTE;0
MATE046;PALAZZINA MARFISA;50
MATE047;LABORATORIO;0
MATE047;ZANARDI;25
MATE047;CINI;0
MATE047;MANDELLI;0
MATE047;SALUTE;0
MATE047;PALAZZINA MARFISA;0
MATE047;MAGAZZINO;0
MATE047;VALIER;0
MATE047;TRIESTE;0
MATE048;LABORATORIO;0
MATE048;ZANARDI;6
MATE048;CINI;0
MATE048;MANDELLI;0
MATE048;SALUTE;0
MATE048;PALAZZINA MARFISA;0
MATE048;MAGAZZINO;0
MATE048;VALIER;0
MATE048;TRIESTE;0
MATE049;LABORATORIO;0
MATE049;ZANARDI;5
MATE049;CINI;0
MATE049;MANDELLI;0
MATE049;SALUTE;0
MATE049;PALAZZINA MARFISA;0
MATE049;MAGAZZINO;0
MATE049;VALIER;0
MATE049;TRIESTE;0
MATE050;LABORATORIO;5
MATE050;ZANARDI;6
MATE050;CINI;0
MATE050;MANDELLI;5
MATE050;SALUTE;0
MATE050;PALAZZINA MARFISA;0
MATE050;MAGAZZINO;0
MATE050;VALIER;0
MATE050;TRIESTE;0
MATE051;LABORATORIO;0
MATE051;ZANARDI;0,3
MATE051;CINI;0
MATE051;MANDELLI;0
MATE051;SALUTE;0
MATE051;PALAZZINA MARFISA;0
MATE051;MAGAZZINO;0
MATE051;VALIER;0
MATE051;TRIESTE;0
MATE052;LABORATORIO;0
MATE052;ZANARDI;1
MATE052;CINI;0
MATE052;MANDELLI;0
MATE052;SALUTE;0
MATE052;PALAZZINA MARFISA;0
MATE052;MAGAZZINO;0
MATE052;VALIER;0
MATE052;TRIESTE;0
MATE053;LABORATORIO;0
MATE053;ZANARDI;1
MATE053;CINI;0
MATE053;MANDELLI;1
MATE053;SALUTE;0
MATE053;PALAZZINA MARFISA;0
MATE053;MAGAZZINO;0
MATE053;VALIER;0
MATE053;TRIESTE;0
MATE054;LABORATORIO;80
MATE054;ZANARDI;0
MATE054;CINI;0
MATE054;MANDELLI;0
MATE054;SALUTE;0
MATE054;PALAZZINA MARFISA;0
MATE054;MAGAZZINO;0
MATE054;VALIER;0
MATE054;TRIESTE;0
MATE055;LABORATORIO;0
MATE055;ZANARDI;1
MATE055;CINI;0
MATE055;MANDELLI;0
MATE055;SALUTE;0
MATE055;PALAZZINA MARFISA;0
MATE055;MAGAZZINO;0
MATE055;VALIER;0
MATE055;TRIESTE;0
MATE056;LABORATORIO;0
MATE056;ZANARDI;2,5
MATE056;CINI;0
MATE056;MANDELLI;0
MATE056;SALUTE;2,5
MATE056;PALAZZINA MARFISA;0
MATE056;MAGAZZINO;0
MATE056;VALIER;0
MATE056;TRIESTE;0
MATE057;LABORATORIO;0,5
MATE057;ZANARDI;0
MATE057;CINI;0
MATE057;MANDELLI;0
MATE057;SALUTE;0
MATE057;PALAZZINA MARFISA;0
MATE057;MAGAZZINO;0
MATE057;VALIER;0
MATE057;TRIESTE;0
MATE058;LABORATORIO;0
MATE058;ZANARDI;15
MATE058;CINI;0
MATE058;MANDELLI;0
MATE058;SALUTE;0,5
MATE058;PALAZZINA MARFISA;11
MATE058;MAGAZZINO;0
MATE058;VALIER;0
MATE058;TRIESTE;0
MATE059;LABORATORIO;1
MATE059;ZANARDI;0
MATE059;CINI;0
MATE059;MANDELLI;0
MATE059;SALUTE;0
MATE059;PALAZZINA MARFISA;0
MATE059;MAGAZZINO;0
MATE059;VALIER;0
MATE059;TRIESTE;0
MATE060;LABORATORIO;0
MATE060;ZANARDI;0
MATE060;CINI;0
MATE060;MANDELLI;2
MATE060;SALUTE;0
MATE060;PALAZZINA MARFISA;7,5
MATE060;MAGAZZINO;0
MATE060;VALIER;0
MATE060;TRIESTE;0,4
MATE061;LABORATORIO;0
MATE061;ZANARDI;1
MATE061;CINI;0
MATE061;MANDELLI;0
MATE061;SALUTE;0
MATE061;PALAZZINA MARFISA;0
MATE061;MAGAZZINO;0
MATE061;VALIER;0
MATE061;TRIESTE;0
MATE062;LABORATORIO;0
MATE062;ZANARDI;15
MATE062;CINI;0
MATE062;MANDELLI;0
MATE062;SALUTE;0
MATE062;PALAZZINA MARFISA;0
MATE062;MAGAZZINO;0
MATE062;VALIER;0
MATE062;TRIESTE;0
MATE063;LABORATORIO;0
MATE063;ZANARDI;0,5
MATE063;CINI;0
MATE063;MANDELLI;0
MATE063;SALUTE;0
MATE063;PALAZZINA MARFISA;0
MATE063;MAGAZZINO;0
MATE063;VALIER;0
MATE063;TRIESTE;0
MATE064;LABORATORIO;1,25
MATE064;ZANARDI;0
MATE064;CINI;0
MATE064;MANDELLI;0
MATE064;SALUTE;0
MATE064;PALAZZINA MARFISA;0
MATE064;MAGAZZINO;0
MATE064;VALIER;0
MATE064;TRIESTE;0
MATE065;LABORATORIO;1,5
MATE065;ZANARDI;0
MATE065;CINI;0
MATE065;MANDELLI;0
MATE065;SALUTE;0
MATE065;PALAZZINA MARFISA;0
MATE065;MAGAZZINO;0
MATE065;VALIER;0
MATE065;TRIESTE;0
MATE066;LABORATORIO;0,5
MATE066;ZANARDI;0
MATE066;CINI;1
MATE066;MANDELLI;0
MATE066;SALUTE;0
MATE066;PALAZZINA MARFISA;0
MATE066;MAGAZZINO;0
MATE066;VALIER;0
MATE066;TRIESTE;0
MATE067;LABORATORIO;0
MATE067;ZANARDI;0
MATE067;CINI;1
MATE067;MANDELLI;0
MATE067;SALUTE;0
MATE067;PALAZZINA MARFISA;0
MATE067;MAGAZZINO;0
MATE067;VALIER;0
MATE067;TRIESTE;0
MATE068;LABORATORIO;0
MATE068;ZANARDI;6
MATE068;CINI;0
MATE068;MANDELLI;0
MATE068;SALUTE;0
MATE068;PALAZZINA MARFISA;0
MATE068;MAGAZZINO;0
MATE068;VALIER;0
MATE068;TRIESTE;0
MATE069;LABORATORIO;0
MATE069;ZANARDI;6
MATE069;CINI;0
MATE069;MANDELLI;0
MATE069;SALUTE;0
MATE069;PALAZZINA MARFISA;1
MATE069;MAGAZZINO;0
MATE069;VALIER;0
MATE069;TRIESTE;0
MATE070;LABORATORIO;0
MATE070;ZANARDI;20
MATE070;CINI;0
MATE070;MANDELLI;25
MATE070;SALUTE;1
MATE070;PALAZZINA MARFISA;0
MATE070;MAGAZZINO;0
MATE070;VALIER;0
MATE070;TRIESTE;0
MATE071;LABORATORIO;0
MATE071;ZANARDI;2
MATE071;CINI;0
MATE071;MANDELLI;0
MATE071;SALUTE;0
MATE071;PALAZZINA MARFISA;0
MATE071;MAGAZZINO;0
MATE071;VALIER;0
MATE071;TRIESTE;0
MATE072;LABORATORIO;2
MATE072;ZANARDI;0
MATE072;CINI;0
MATE072;MANDELLI;0
MATE072;SALUTE;0
MATE072;PALAZZINA MARFISA;0
MATE072;MAGAZZINO;0
MATE072;VALIER;0
MATE072;TRIESTE;0
MATE073;LABORATORIO;1
MATE073;ZANARDI;0
MATE073;CINI;0
MATE073;MANDELLI;0
MATE073;SALUTE;0
MATE073;PALAZZINA MARFISA;0
MATE073;MAGAZZINO;0
MATE073;VALIER;0
MATE073;TRIESTE;0
MATE074;LABORATORIO;0
MATE074;ZANARDI;0
MATE074;CINI;0
MATE074;MANDELLI;0
MATE074;SALUTE;0
MATE074;PALAZZINA MARFISA;1
MATE074;MAGAZZINO;0
MATE074;VALIER;0
MATE074;TRIESTE;0
MATE075;LABORATORIO;0
MATE075;ZANARDI;0,5
MATE075;CINI;0
MATE075;MANDELLI;0
MATE075;SALUTE;0
MATE075;PALAZZINA MARFISA;0
MATE075;MAGAZZINO;0
MATE075;VALIER;0
MATE075;TRIESTE;0
MATE076;LABORATORIO;0
MATE076;ZANARDI;2
MATE076;CINI;0
MATE076;MANDELLI;0
MATE076;SALUTE;0
MATE076;PALAZZINA MARFISA;0
MATE076;MAGAZZINO;0
MATE076;VALIER;0
MATE076;TRIESTE;0
MATE077;LABORATORIO;0
MATE077;ZANARDI;3
MATE077;CINI;0
MATE077;MANDELLI;0
MATE077;SALUTE;0
MATE077;PALAZZINA MARFISA;1
MATE077;MAGAZZINO;0
MATE077;VALIER;0
MATE077;TRIESTE;0
MATE078;LABORATORIO;0
MATE078;ZANARDI;0
MATE078;CINI;1
MATE078;MANDELLI;0
MATE078;SALUTE;0
MATE078;PALAZZINA MARFISA;0
MATE078;MAGAZZINO;0
MATE078;VALIER;0
MATE078;TRIESTE;0
MATE079;LABORATORIO;1
MATE079;ZANARDI;0
MATE079;CINI;0
MATE079;MANDELLI;0
MATE079;SALUTE;0
MATE079;PALAZZINA MARFISA;0
MATE079;MAGAZZINO;0
MATE079;VALIER;0
MATE079;TRIESTE;0
MATE080;LABORATORIO;5
MATE080;ZANARDI;0
MATE080;CINI;5
MATE080;MANDELLI;0
MATE080;SALUTE;0
MATE080;PALAZZINA MARFISA;0
MATE080;MAGAZZINO;0
MATE080;VALIER;0
MATE080;TRIESTE;0
MATE081;LABORATORIO;4
MATE081;ZANARDI;8
MATE081;CINI;0
MATE081;MANDELLI;0
MATE081;SALUTE;2
MATE081;PALAZZINA MARFISA;0
MATE081;MAGAZZINO;0
MATE081;VALIER;0
MATE081;TRIESTE;0
MATE082;LABORATORIO;1
MATE082;ZANARDI;0
MATE082;CINI;0
MATE082;MANDELLI;0
MATE082;SALUTE;0
MATE082;PALAZZINA MARFISA;0
MATE082;MAGAZZINO;0
MATE082;VALIER;0
MATE082;TRIESTE;0
MATE083;LABORATORIO;0
MATE083;ZANARDI;0
MATE083;CINI;0
MATE083;MANDELLI;0
MATE083;SALUTE;0
MATE083;PALAZZINA MARFISA;15
MATE083;MAGAZZINO;0
MATE083;VALIER;0
MATE083;TRIESTE;0
MATE084;LABORATORIO;4
MATE084;ZANARDI;0
MATE084;CINI;0
MATE084;MANDELLI;0
MATE084;SALUTE;0
MATE084;PALAZZINA MARFISA;0
MATE084;MAGAZZINO;0
MATE084;VALIER;0
MATE084;TRIESTE;0
MATE085;LABORATORIO;0
MATE085;ZANARDI;30
MATE085;CINI;0
MATE085;MANDELLI;0
MATE085;SALUTE;0
MATE085;PALAZZINA MARFISA;0
MATE085;MAGAZZINO;0
MATE085;VALIER;0
MATE085;TRIESTE;0
MATE086;LABORATORIO;1
MATE086;ZANARDI;0
MATE086;CINI;0
MATE086;MANDELLI;0
MATE086;SALUTE;0
MATE086;PALAZZINA MARFISA;0
MATE086;MAGAZZINO;0
MATE086;VALIER;0
MATE086;TRIESTE;0
MATE087;LABORATORIO;0,5
MATE087;ZANARDI;0
MATE087;CINI;0
MATE087;MANDELLI;0
MATE087;SALUTE;0
MATE087;PALAZZINA MARFISA;0
MATE087;MAGAZZINO;0
MATE087;VALIER;0
MATE087;TRIESTE;0
MATE088;LABORATORIO;1
MATE088;ZANARDI;0
MATE088;CINI;0
MATE088;MANDELLI;0
MATE088;SALUTE;0
MATE088;PALAZZINA MARFISA;0
MATE088;MAGAZZINO;0
MATE088;VALIER;0
MATE088;TRIESTE;0
MATE089;LABORATORIO;1
MATE089;ZANARDI;0
MATE089;CINI;0
MATE089;MANDELLI;0
MATE089;SALUTE;0
MATE089;PALAZZINA MARFISA;0
MATE089;MAGAZZINO;0
MATE089;VALIER;0
MATE089;TRIESTE;0
MATE090;LABORATORIO;0,75
MATE090;ZANARDI;0
MATE090;CINI;0
MATE090;MANDELLI;0
MATE090;SALUTE;0
MATE090;PALAZZINA MARFISA;0
MATE090;MAGAZZINO;0
MATE090;VALIER;0
MATE090;TRIESTE;0
MATE091;LABORATORIO;0
MATE091;ZANARDI;1
MATE091;CINI;0
MATE091;MANDELLI;0
MATE091;SALUTE;0
MATE091;PALAZZINA MARFISA;0
MATE091;MAGAZZINO;0
MATE091;VALIER;0
MATE091;TRIESTE;0
MATE092;LABORATORIO;0,1
MATE092;ZANARDI;0
MATE092;CINI;0
MATE092;MANDELLI;0
MATE092;SALUTE;0
MATE092;PALAZZINA MARFISA;0
MATE092;MAGAZZINO;0
MATE092;VALIER;0
MATE092;TRIESTE;0
MATE093;LABORATORIO;0
MATE093;ZANARDI;0
MATE093;CINI;0
MATE093;MANDELLI;0
MATE093;SALUTE;0
MATE093;PALAZZINA MARFISA;0,5
MATE093;MAGAZZINO;0
MATE093;VALIER;0
MATE093;TRIESTE;0
MATE094;LABORATORIO;1
MATE094;ZANARDI;0
MATE094;CINI;0
MATE094;MANDELLI;0
MATE094;SALUTE;0
MATE094;PALAZZINA MARFISA;0
MATE094;MAGAZZINO;0
MATE094;VALIER;0
MATE094;TRIESTE;0
MATE095;LABORATORIO;1
MATE095;ZANARDI;0
MATE095;CINI;0
MATE095;MANDELLI;0
MATE095;SALUTE;0
MATE095;PALAZZINA MARFISA;0
MATE095;MAGAZZINO;0
MATE095;VALIER;0
MATE095;TRIESTE;0
MATE096;LABORATORIO;1
MATE096;ZANARDI;0
MATE096;CINI;0
MATE096;MANDELLI;0
MATE096;SALUTE;0
MATE096;PALAZZINA MARFISA;0
MATE096;MAGAZZINO;0
MATE096;VALIER;0
MATE096;TRIESTE;0
MATE097;LABORATORIO;1
MATE097;ZANARDI;0
MATE097;CINI;0
MATE097;MANDELLI;0
MATE097;SALUTE;0
MATE097;PALAZZINA MARFISA;0
MATE097;MAGAZZINO;0
MATE097;VALIER;0
MATE097;TRIESTE;0
MATE098;LABORATORIO;2
MATE098;ZANARDI;0
MATE098;CINI;0
MATE098;MANDELLI;0
MATE098;SALUTE;0
MATE098;PALAZZINA MARFISA;1
MATE098;MAGAZZINO;0
MATE098;VALIER;0
MATE098;TRIESTE;0
MATE099;LABORATORIO;0
MATE099;ZANARDI;0,2
MATE099;CINI;0
MATE099;MANDELLI;0
MATE099;SALUTE;0
MATE099;PALAZZINA MARFISA;0
MATE099;MAGAZZINO;0
MATE099;VALIER;0
MATE099;TRIESTE;0
MATE100;LABORATORIO;0,75
MATE100;ZANARDI;0
MATE100;CINI;0
MATE100;MANDELLI;0
MATE100;SALUTE;0
MATE100;PALAZZINA MARFISA;0
MATE100;MAGAZZINO;0
MATE100;VALIER;0
MATE100;TRIESTE;0
MATE101;LABORATORIO;0,75
MATE101;ZANARDI;0
MATE101;CINI;0
MATE101;MANDELLI;0
MATE101;SALUTE;0
MATE101;PALAZZINA MARFISA;0
MATE101;MAGAZZINO;0
MATE101;VALIER;0
MATE101;TRIESTE;0
MATE102;LABORATORIO;0,75
MATE102;ZANARDI;0,5
MATE102;CINI;0
MATE102;MANDELLI;0
MATE102;SALUTE;0
MATE102;PALAZZINA MARFISA;0
MATE102;MAGAZZINO;0
MATE102;VALIER;0
MATE102;TRIESTE;0
MATE103;LABORATORIO;0,75
MATE103;ZANARDI;0
MATE103;CINI;0
MATE103;MANDELLI;0
MATE103;SALUTE;0
MATE103;PALAZZINA MARFISA;0
MATE103;MAGAZZINO;0
MATE103;VALIER;0
MATE103;TRIESTE;0
MATE104;LABORATORIO;2
MATE104;ZANARDI;0
MATE104;CINI;0
MATE104;MANDELLI;0
MATE104;SALUTE;0
MATE104;PALAZZINA MARFISA;0
MATE104;MAGAZZINO;0
MATE104;VALIER;0
MATE104;TRIESTE;0
MATE105;LABORATORIO;2
MATE105;ZANARDI;0
MATE105;CINI;0
MATE105;MANDELLI;125
MATE105;SALUTE;0
MATE105;PALAZZINA MARFISA;0
MATE105;MAGAZZINO;0
MATE105;VALIER;0
MATE105;TRIESTE;0
MATE106;LABORATORIO;0
MATE106;ZANARDI;0
MATE106;CINI;0
MATE106;MANDELLI;1
MATE106;SALUTE;0
MATE106;PALAZZINA MARFISA;0
MATE106;MAGAZZINO;0
MATE106;VALIER;0
MATE106;TRIESTE;0
MATE107;LABORATORIO;0
MATE107;ZANARDI;0
MATE107;CINI;0
MATE107;MANDELLI;0
MATE107;SALUTE;0
MATE107;PALAZZINA MARFISA;0
MATE107;MAGAZZINO;0
MATE107;VALIER;0
MATE107;TRIESTE;0
MATE108;LABORATORIO;0
MATE108;ZANARDI;100
MATE108;CINI;0
MATE108;MANDELLI;20
MATE108;SALUTE;0
MATE108;PALAZZINA MARFISA;0
MATE108;MAGAZZINO;0
MATE108;VALIER;0
MATE108;TRIESTE;0
MATE109;LABORATORIO;0
MATE109;ZANARDI;10
MATE109;CINI;0
MATE109;MANDELLI;0
MATE109;SALUTE;0
MATE109;PALAZZINA MARFISA;0
MATE109;MAGAZZINO;0
MATE109;VALIER;0
MATE109;TRIESTE;0
MATE110;LABORATORIO;0
MATE110;ZANARDI;20
MATE110;CINI;0
MATE110;MANDELLI;0
MATE110;SALUTE;0
MATE110;PALAZZINA MARFISA;0
MATE110;MAGAZZINO;0
MATE110;VALIER;0
MATE110;TRIESTE;0
MATE111;LABORATORIO;0
MATE111;ZANARDI;70
MATE111;CINI;0
MATE111;MANDELLI;0
MATE111;SALUTE;0
MATE111;PALAZZINA MARFISA;0
MATE111;MAGAZZINO;0
MATE111;VALIER;0
MATE111;TRIESTE;0
MATE112;LABORATORIO;0
MATE112;ZANARDI;55
MATE112;CINI;0
MATE112;MANDELLI;0
MATE112;SALUTE;0
MATE112;PALAZZINA MARFISA;0
MATE112;MAGAZZINO;0
MATE112;VALIER;0
MATE112;TRIESTE;0
MATE113;LABORATORIO;0
MATE113;ZANARDI;0
MATE113;CINI;0
MATE113;MANDELLI;40
MATE113;SALUTE;0
MATE113;PALAZZINA MARFISA;0
MATE113;MAGAZZINO;15
MATE113;VALIER;0
MATE113;TRIESTE;0
MATE114;LABORATORIO;0
MATE114;ZANARDI;0
MATE114;CINI;0
MATE114;MANDELLI;50
MATE114;SALUTE;0
MATE114;PALAZZINA MARFISA;0
MATE114;MAGAZZINO;0
MATE114;VALIER;0
MATE114;TRIESTE;0
MATE115;LABORATORIO;0
MATE115;ZANARDI;5
MATE115;CINI;0
MATE115;MANDELLI;25
MATE115;SALUTE;0
MATE115;PALAZZINA MARFISA;0
MATE115;MAGAZZINO;0
MATE115;VALIER;0
MATE115;TRIESTE;0
MATE116;LABORATORIO;0
MATE116;ZANARDI;5
MATE116;CINI;0
MATE116;MANDELLI;10
MATE116;SALUTE;0
MATE116;PALAZZINA MARFISA;0
MATE116;MAGAZZINO;0
MATE116;VALIER;0
MATE116;TRIESTE;0
MATE117;LABORATORIO;0
MATE117;ZANARDI;0
MATE117;CINI;0
MATE117;MANDELLI;25
MATE117;SALUTE;0
MATE117;PALAZZINA MARFISA;0
MATE117;MAGAZZINO;0
MATE117;VALIER;0
MATE117;TRIESTE;0
MATE118;LABORATORIO;0
MATE118;ZANARDI;0
MATE118;CINI;0
MATE118;MANDELLI;30
MATE118;SALUTE;0
MATE118;PALAZZINA MARFISA;0
MATE118;MAGAZZINO;0
MATE118;VALIER;0
MATE118;TRIESTE;0
MATE119;LABORATORIO;0
MATE119;ZANARDI;60
MATE119;CINI;0
MATE119;MANDELLI;0
MATE119;SALUTE;0
MATE119;PALAZZINA MARFISA;0
MATE119;MAGAZZINO;0
MATE119;VALIER;0
MATE119;TRIESTE;0
MATE120;LABORATORIO;0
MATE120;ZANARDI;30
MATE120;CINI;0
MATE120;MANDELLI;0
MATE120;SALUTE;0
MATE120;PALAZZINA MARFISA;0
MATE120;MAGAZZINO;0
MATE120;VALIER;0
MATE120;TRIESTE;0
MATE121;LABORATORIO;0
MATE121;ZANARDI;100
MATE121;CINI;0
MATE121;MANDELLI;0
MATE121;SALUTE;0
MATE121;PALAZZINA MARFISA;0
MATE121;MAGAZZINO;0
MATE121;VALIER;0
MATE121;TRIESTE;0
MATE122;LABORATORIO;0
MATE122;ZANARDI;0
MATE122;CINI;0
MATE122;MANDELLI;20
MATE122;SALUTE;0
MATE122;PALAZZINA MARFISA;0
MATE122;MAGAZZINO;0
MATE122;VALIER;0
MATE122;TRIESTE;0
MATE123;LABORATORIO;0
MATE123;ZANARDI;0
MATE123;CINI;0
MATE123;MANDELLI;50
MATE123;SALUTE;0
MATE123;PALAZZINA MARFISA;0
MATE123;MAGAZZINO;0
MATE123;VALIER;0
MATE123;TRIESTE;0
MATE124;LABORATORIO;0
MATE124;ZANARDI;75
MATE124;CINI;0
MATE124;MANDELLI;0
MATE124;SALUTE;0
MATE124;PALAZZINA MARFISA;0
MATE124;MAGAZZINO;0
MATE124;VALIER;0
MATE124;TRIESTE;0
MATE125;LABORATORIO;0
MATE125;ZANARDI;0
MATE125;CINI;0
MATE125;MANDELLI;25
MATE125;SALUTE;0
MATE125;PALAZZINA MARFISA;0
MATE125;MAGAZZINO;0
MATE125;VALIER;0
MATE125;TRIESTE;0
MATE126;LABORATORIO;0
MATE126;ZANARDI;15
MATE126;CINI;0
MATE126;MANDELLI;0
MATE126;SALUTE;0
MATE126;PALAZZINA MARFISA;0
MATE126;MAGAZZINO;0
MATE126;VALIER;0
MATE126;TRIESTE;0
MATE127;LABORATORIO;0
MATE127;ZANARDI;50
MATE127;CINI;0
MATE127;MANDELLI;0
MATE127;SALUTE;0
MATE127;PALAZZINA MARFISA;0
MATE127;MAGAZZINO;0
MATE127;VALIER;0
MATE127;TRIESTE;0
MATE128;LABORATORIO;0
MATE128;ZANARDI;50
MATE128;CINI;0
MATE128;MANDELLI;0
MATE128;SALUTE;0
MATE128;PALAZZINA MARFISA;0
MATE128;MAGAZZINO;0
MATE128;VALIER;0
MATE128;TRIESTE;0
MATE129;LABORATORIO;0
MATE129;ZANARDI;15
MATE129;CINI;0
MATE129;MANDELLI;0
MATE129;SALUTE;0
MATE129;PALAZZINA MARFISA;0
MATE129;MAGAZZINO;0
MATE129;VALIER;0
MATE129;TRIESTE;0
MATE130;LABORATORIO;0
MATE130;ZANARDI;20
MATE130;CINI;0
MATE130;MANDELLI;0
MATE130;SALUTE;0
MATE130;PALAZZINA MARFISA;0
MATE130;MAGAZZINO;0
MATE130;VALIER;0
MATE130;TRIESTE;0
MATE131;LABORATORIO;0
MATE131;ZANARDI;20
MATE131;CINI;0
MATE131;MANDELLI;0
MATE131;SALUTE;0
MATE131;PALAZZINA MARFISA;0
MATE131;MAGAZZINO;0
MATE131;VALIER;0
MATE131;TRIESTE;0
MATE132;LABORATORIO;0
MATE132;ZANARDI;60
MATE132;CINI;0
MATE132;MANDELLI;0
MATE132;SALUTE;0
MATE132;PALAZZINA MARFISA;0
MATE132;MAGAZZINO;0
MATE132;VALIER;0
MATE132;TRIESTE;0
MATE133;LABORATORIO;0
MATE133;ZANARDI;10
MATE133;CINI;0
MATE133;MANDELLI;0
MATE133;SALUTE;0
MATE133;PALAZZINA MARFISA;0
MATE133;MAGAZZINO;0
MATE133;VALIER;0
MATE133;TRIESTE;0
MATE134;LABORATORIO;0
MATE134;ZANARDI;40
MATE134;CINI;0
MATE134;MANDELLI;0
MATE134;SALUTE;0
MATE134;PALAZZINA MARFISA;0
MATE134;MAGAZZINO;0
MATE134;VALIER;0
MATE134;TRIESTE;0
MATE135;LABORATORIO;0
MATE135;ZANARDI;0
MATE135;CINI;0
MATE135;MANDELLI;25
MATE135;SALUTE;0
MATE135;PALAZZINA MARFISA;0
MATE135;MAGAZZINO;0
MATE135;VALIER;0
MATE135;TRIESTE;0
MATE136;LABORATORIO;0
MATE136;ZANARDI;0
MATE136;CINI;0
MATE136;MANDELLI;20
MATE136;SALUTE;0
MATE136;PALAZZINA MARFISA;0
MATE136;MAGAZZINO;0
MATE136;VALIER;0
MATE136;TRIESTE;0
MATE137;LABORATORIO;0
MATE137;ZANARDI;60
MATE137;CINI;0
MATE137;MANDELLI;0
MATE137;SALUTE;0
MATE137;PALAZZINA MARFISA;25
MATE137;MAGAZZINO;0
MATE137;VALIER;0
MATE137;TRIESTE;0
MATE138;LABORATORIO;0
MATE138;ZANARDI;50
MATE138;CINI;0
MATE138;MANDELLI;0
MATE138;SALUTE;0
MATE138;PALAZZINA MARFISA;0
MATE138;MAGAZZINO;0
MATE138;VALIER;0
MATE138;TRIESTE;0
MATE139;LABORATORIO;0
MATE139;ZANARDI;0
MATE139;CINI;0
MATE139;MANDELLI;0
MATE139;SALUTE;0
MATE139;PALAZZINA MARFISA;0
MATE139;MAGAZZINO;200
MATE139;VALIER;0
MATE139;TRIESTE;0
MATE140;LABORATORIO;0
MATE140;ZANARDI;0
MATE140;CINI;0
MATE140;MANDELLI;35
MATE140;SALUTE;0
MATE140;PALAZZINA MARFISA;0
MATE140;MAGAZZINO;0,5
MATE140;VALIER;0
MATE140;TRIESTE;0
MATE141;LABORATORIO;0
MATE141;ZANARDI;50
MATE141;CINI;0
MATE141;MANDELLI;35
MATE141;SALUTE;0
MATE141;PALAZZINA MARFISA;0
MATE141;MAGAZZINO;0
MATE141;VALIER;0
MATE141;TRIESTE;0
MATE142;LABORATORIO;0
MATE142;ZANARDI;0
MATE142;CINI;0
MATE142;MANDELLI;160
MATE142;SALUTE;0
MATE142;PALAZZINA MARFISA;0
MATE142;MAGAZZINO;0
MATE142;VALIER;0
MATE142;TRIESTE;0
MATE143;LABORATORIO;0
MATE143;ZANARDI;150
MATE143;CINI;0
MATE143;MANDELLI;0
MATE143;SALUTE;0
MATE143;PALAZZINA MARFISA;0
MATE143;MAGAZZINO;0
MATE143;VALIER;0
MATE143;TRIESTE;0
MATE144;LABORATORIO;0
MATE144;ZANARDI;0
MATE144;CINI;0
MATE144;MANDELLI;0
MATE144;SALUTE;0
MATE144;PALAZZINA MARFISA;0
MATE144;MAGAZZINO;15
MATE144;VALIER;0
MATE144;TRIESTE;0
MATE145;LABORATORIO;5
MATE145;ZANARDI;0
MATE145;CINI;0
MATE145;MANDELLI;0
MATE145;SALUTE;0
MATE145;PALAZZINA MARFISA;0
MATE145;MAGAZZINO;0
MATE145;VALIER;0
MATE145;TRIESTE;0
MATE146;LABORATORIO;0
MATE146;ZANARDI;0
MATE146;CINI;0
MATE146;MANDELLI;0
MATE146;SALUTE;0
MATE146;PALAZZINA MARFISA;0
MATE146;MAGAZZINO;4
MATE146;VALIER;0
MATE146;TRIESTE;2
MATE147;LABORATORIO;0
MATE147;ZANARDI;0
MATE147;CINI;0
MATE147;MANDELLI;0
MATE147;SALUTE;0
MATE147;PALAZZINA MARFISA;0
MATE147;MAGAZZINO;5
MATE147;VALIER;0
MATE147;TRIESTE;0
MATE148;LABORATORIO;0
MATE148;ZANARDI;0
MATE148;CINI;0
MATE148;MANDELLI;0
MATE148;SALUTE;0
MATE148;PALAZZINA MARFISA;0
MATE148;MAGAZZINO;0
MATE148;VALIER;0
MATE148;TRIESTE;1
MATE149;LABORATORIO;0
MATE149;ZANARDI;0
MATE149;CINI;0
MATE149;MANDELLI;150
MATE149;SALUTE;0
MATE149;PALAZZINA MARFISA;0
MATE149;MAGAZZINO;0
MATE149;VALIER;0
MATE149;TRIESTE;0
